"Sanção";"Nome";"CPF/CNPJ";"Início";"Término"
"Multa";"Aliança Hospitalar Ltda - ME";"21368399000138";"22/01/2026";"22/01/2031"
"Impedimento de licitar e contratar";"Aliança Hospitalar Ltda - ME";"21368399000138";"22/01/2026";"22/01/2027"
"Impedimento de licitar e contratar";"HM Cirúrgica LTDA";"30981531000173";"12/12/2025";"12/12/2027"
"Multa";"PMW  COMÉRCIO  DE  PRODUTOS  HOSPITALARES  EIRELI";"37107761000157";"12/12/2025";"12/12/2027"
"Multa";"HM Cirúrgica LTDA";"30981531000173";"12/12/2025";"12/12/2027"
"Impedimento de licitar e contratar";"PMW  COMÉRCIO  DE  PRODUTOS  HOSPITALARES  EIRELI";"37107761000157";"12/12/2025";"12/12/2027"
"Impedimento de licitar e contratar";"PMW COMÉRCIO DE PRODUTOS HOSPITALARES EIRELI";"37107761000157";"12/12/2025";"12/12/2026"
"Impedimento de licitar e contratar";"Aliança Hospitalar Ltda";"21368399000138";"11/12/2025";"11/12/2030"
"Impedimento de licitar e contratar";"D +   D I S T R I B U I D O R A  LT D A";"05804216000123";"05/12/2025";"05/12/2026"
"Multa";"D+   D I S T R I B U I D O R A  LT D A";"05804216000123";"05/12/2025";"05/12/2025"
"Impedimento de licitar e contratar";"HIPERDROGAS COMÉRCIO DE MEDICAMENTOS EIRELI";"23302414000170";"28/11/2025";"27/11/2026"
"Multa";"HIPERDROGAS COMÉRCIO DE MEDICAMENTOS EIRELI";"23302414000170";"28/11/2025";"27/11/2026"
"Multa";"HIPERDROGAS COMÉRCIO DE MEDICAMENTOS  EIRELI";"23302414000170";"28/11/2025";"28/11/2030"
"Impedimento de licitar e contratar";"HIPERDROGAS COMÉRCIO DE MEDICAMENTOS  EIRELI";"23302414000170";"28/11/2025";"28/11/2026"
"Impedimento de licitar e contratar";"HM CIRÚRGICA LTDA";"30981531000173";"14/11/2025";"13/11/2027"